n,hy_time,hy_err,cu_time,cu_err,cpu_time,cpu_err
128,67.2594,1.36483e-32,19.6658,1e-15,3.30259,1e-33
256,14.822,2.59651e-32,0.025344,1e-15,6.9437,1e-33
512,13.6058,7.50708e-32,0.027072,1e-15,5.82208,1e-33
1024,21.933,1.96796e-31,2.20787,1e-15,1.58399,1e-33
2048,45.3241,5.39425e-31,4.09056,1e-15,10.0852,1e-33
4096,121.462,1.42673e-30,0.2488,1e-15,38.9792,1e-33
