n,hy_time,hy_err,cu64_time,cpu128_time,cpu128_err,cpu64_time,cpu64_err
128,66.5519,8.2270954515932109809381925e-33,1.8956159591674804687500000e+01,4.5311400026548653841018677e-01,8.1319945184192970445770947e-33,2.3219700233312323689460754e-01,9.1569796926385567168363561e-15
256,1.4636927604675292968750000e+01,1.1381284540694051738908763e-32,2.5792000815272331237792969e-02,1.8297179994988255202770233e+00,2.1132704147438391496018230e-32,9.2499300080817192792892456e-01,2.6355837776096828983015682e-14
512,1.3369791984558105468750000e+01,3.2656354606611422469982450e-32,3.4976001828908920288085938e-02,7.1238220043596811592578888e+00,6.1317419651275208869761302e-32,3.6962539961677975952625275e+00,7.3502854676370052969574511e-14
1024,2.1453407287597656250000000e+01,9.1308190146521754066717484e-32,2.1216959953308105468750000e+00,2.8268431000469718128442764e+01,1.7636191544761681817971995e-31,1.4825864003796596080064774e+01,2.1763019087091024592259008e-13
2048,4.4684097290039062500000000e+01,1.7478443668563971909128599e-31,3.5154559612274169921875000e+00,1.1386913099704543128609657e+02,5.0990130624399821029279505e-31,5.9128690001671202480792999e+01,5.8372557252342038566830588e-13
4096,1.1280191802978515625000000e+02,3.1981705496901067324596235e-31,4.8886400461196899414062500e-01,4.3722304699622327461838722e+02,1.3999559006904169503198942e-30,2.2846434799430426210165024e+02,1.6306509709970753903633379e-12
8192,3.2519290161132812500000000e+02,1.1433448652540092017305414e-27,8.4761601686477661132812500e-01,1.7575079790040035732090473e+03,3.8849656556583579382070563e-30,9.1601248900406062602996826e+02,4.5006021499124837024892333e-12
