n,hy_time,hy_err,cu64_time,cpu128_time,cpu128_err,cpu64_time,cpu64_err
128,82.5743,8.2270954515932109809381925e-33,2.7722175598144531250000000e+01,4.5394200014925445429980755e-01,8.1319945184192970445770947e-33,2.3206600008052191697061062e-01,9.1569796926385567168363561e-15
256,1.7517183303833007812500000e+01,1.1381284540694051738908763e-32,2.2784000262618064880371094e-02,1.8035749999398831278085709e+00,2.1132704147438391496018230e-32,9.2436500017356593161821365e-01,2.6355837776096828983015682e-14
512,1.3394975662231445312500000e+01,3.2656354606611422469982450e-32,3.3376000821590423583984375e-02,7.1051339996301976498216391e+00,6.1317419651275208869761302e-32,3.7010149999332497827708721e+00,7.3502854676370052969574511e-14
1024,2.1372480392456054687500000e+01,9.1308190146521754066717484e-32,4.4474878311157226562500000e+00,2.8125842999997985316440463e+01,1.7636191544761681817971995e-31,1.4700287999858119292184711e+01,2.1763019087091024592259008e-13
2048,4.5520736694335937500000000e+01,1.7478443668563971909128599e-31,7.7490878105163574218750000e+00,1.1282061600013548741117120e+02,5.0990130624399821029279505e-31,5.8818662999783555278554559e+01,5.8372557252342038566830588e-13
4096,1.1232160186767578125000000e+02,3.1981705496901067324596235e-31,2.9833599925041198730468750e-01,4.3548051099969597999006510e+02,1.3999559006904169503198942e-30,2.3578504900024199741892517e+02,1.6306509709970753903633379e-12
